Domain,Status,Attractiveness,Demand,Length,Sectors,Created,Expires,Registrar
second.london,available,120,23%,6,"General,Mathematics",,,
tenth.london,available,116,7%,5,Mathematics,,,
flat.london,resell,116,24%,4,"Construction,Real Estate",31/08/2015 21:02,31/08/2026 23:59,"Porkbun, LLC"
crack.london,available,100,20%,5,Sports,,,
third.london,available,100,16%,5,Mathematics,,,
ninth.london,available,100,9%,5,Mathematics,,,
eighth.london,available,100,6%,6,Mathematics,,,
sixth.london,available,100,8%,5,Mathematics,,,
nought.london,available,92,4%,6,Mathematics,,,
twentieth.london,available,92,3%,9,Mathematics,,,
leash.london,available,90,7%,5,"General,Health and Fitness,Retail",,,
sixteen.london,available,88,11%,7,Mathematics,,,
three.london,available,88,24%,5,Mathematics,,,
fifteen.london,available,88,13%,7,Mathematics,,,
ace.london,available,88,34%,3,Sports,,,
hundred.london,available,88,14%,7,Mathematics,,,
cipher.london,available,86,29%,6,Mathematics,,,
xiv.london,available,86,12%,3,Mathematics,,,
thousand.london,available,84,8%,8,Mathematics,,,
twentytwo.london,available,84,11%,10,Mathematics,,,
twentyone.london,available,84,13%,10,Mathematics,,,
grand.london,expiring,84,25%,5,"Finance,General",07/09/2017 06:56,07/09/2025 23:59,Mesh Digital Ltd
nineteen.london,available,84,8%,8,Mathematics,,,
thirteen.london,available,84,10%,8,Mathematics,,,
fourteen.london,available,84,8%,8,Mathematics,,,
decade.london,available,82,10%,6,Mathematics,,,
fivesome.london,available,82,1%,8,Sports,,,
dozen.london,available,82,10%,5,Mathematics,,,
trio.london,available,80,21%,4,Entertainment,,,
forty.london,available,80,9%,5,Mathematics,,,
twenty.london,available,80,12%,6,Mathematics,,,
nine.london,available,80,24%,4,"General,Mathematics",,,
yard.london,available,80,26%,4,"Construction,General",,,
seventh.london,available,80,10%,7,Mathematics,,,
first.london,resell,80,36%,5,"General,Mathematics",15/12/2024 12:47,15/12/2025 23:59,"Go Daddy, LLC"
two.london,available,80,24%,3,Mathematics,,,
sixtynine.london,available,78,8%,10,Mathematics,,,
hundredth.london,available,76,1%,9,Mathematics,,,
thousandth.london,available,76,1%,10,Mathematics,,,
thirteenth.london,available,76,4%,10,Mathematics,,,
threed.london,available,76,7%,7,Technology,,,
nineteenth.london,available,76,3%,10,Mathematics,,,
fourteenth.london,available,76,1%,10,Mathematics,,,
firstrate.london,available,76,6%,10,Business,,,
eighteen.london,available,76,7%,8,Mathematics,,,
fifteenth.london,available,76,2%,9,Mathematics,,,
single.london,available,74,19%,6,Sports,,,
ninetieth.london,available,72,1%,9,Mathematics,,,
eightieth.london,available,72,1%,9,Mathematics,,,
seventieth.london,available,72,1%,10,Mathematics,,,
trey.london,available,72,14%,4,Sports,,,
sixtieth.london,available,72,1%,8,Mathematics,,,
ternary.london,available,72,7%,7,Mathematics,,,
tiptop.london,available,70,24%,6,Fashion,,,
sevener.london,available,68,1%,7,Mathematics,,,
ennead.london,available,68,5%,6,Mathematics,,,
octonary.london,available,68,1%,8,Mathematics,,,
thirtieth.london,available,68,1%,9,Mathematics,,,
septenary.london,available,68,1%,9,Mathematics,,,
threesome.london,available,68,5%,9,Entertainment,,,
fortieth.london,available,68,0%,8,Mathematics,,,
fiftieth.london,available,68,0%,8,Mathematics,,,
ane.london,available,68,12%,3,Mathematics,,,
foursome.london,available,68,4%,8,Sports,,,
xviii.london,available,66,5%,5,Mathematics,,,
xxi.london,available,66,10%,3,Mathematics,,,
xvi.london,available,66,5%,3,Mathematics,,,
acappella.london,available,66,6%,10,Entertainment,,,
onec.london,available,66,6%,5,Mathematics,,,
four.london,available,66,27%,4,Mathematics,,,
latest.london,available,66,18%,6,Technology,,,
eighty.london,available,66,6%,6,Mathematics,,,
xiii.london,available,66,9%,4,Mathematics,,,
sextet.london,available,66,1%,6,Entertainment,,,
xvii.london,available,66,5%,4,Mathematics,,,
tenner.london,available,66,5%,6,Finance,,,
ninety.london,available,66,11%,6,Mathematics,,,
clv.london,available,66,10%,3,Mathematics,,,
xxv.london,available,66,6%,3,Mathematics,,,
six.london,available,66,26%,3,Mathematics,,,
deuce.london,available,66,9%,5,Sports,,,
xxii.london,available,66,6%,4,Mathematics,,,
thirty.london,available,66,8%,6,Mathematics,,,
eleventh.london,available,62,5%,8,Mathematics,,,
troika.london,available,62,8%,6,Politics,,,
sixteenth.london,available,62,1%,9,Mathematics,,,
fortyfour.london,available,62,6%,10,Mathematics,,,
chiliad.london,available,62,2%,7,Mathematics,,,
quartet.london,available,62,7%,7,"Arts,Entertainment",,,
longdozen.london,available,62,2%,10,Mathematics,,,
twodozen.london,available,62,1%,9,Mathematics,,,
eighteenth.london,available,62,1%,10,Mathematics,,,
cxxxv.london,available,60,2%,5,Mathematics,,,
cxx.london,available,60,10%,3,Mathematics,,,
clxxx.london,available,60,1%,5,Mathematics,,,
sixty.london,available,60,13%,5,Mathematics,,,
xcl.london,available,60,5%,3,Mathematics,,,
tertiary.london,available,60,4%,8,Education,,,
clx.london,available,60,10%,3,Mathematics,,,
clxx.london,available,60,3%,4,Mathematics,,,
cxlv.london,available,60,2%,4,Mathematics,,,
thou.london,available,60,7%,4,Mathematics,,,
cxxv.london,available,60,1%,4,Mathematics,,,
clxxv.london,available,60,1%,5,Mathematics,,,
cxl.london,available,60,7%,3,Mathematics,,,
cxv.london,available,60,4%,3,Mathematics,,,
cxxx.london,available,60,4%,4,Mathematics,,,
clxv.london,available,60,1%,4,Mathematics,,,
heptad.london,available,58,1%,6,Mathematics,,,
sextuplet.london,available,58,1%,9,Healthcare,,,
octad.london,available,58,5%,5,Mathematics,,,
lxxx.london,available,58,2%,4,Mathematics,,,
fourscore.london,available,58,4%,9,Mathematics,,,
centesimal.london,available,58,1%,10,Mathematics,,,
sixer.london,available,58,5%,5,Sports,,,
seventy.london,available,58,7%,7,Mathematics,,,
eighter.london,available,58,2%,7,Mathematics,,,
sixtyone.london,available,58,3%,9,Mathematics,,,
twelfth.london,available,58,2%,7,Mathematics,,,
fourth.london,expiring,58,13%,6,Mathematics,09/09/2014 11:00,09/09/2025 23:59,"Go Montenegro Domains, LLC"
alacarte.london,available,58,11%,10,Food and Beverage,,,
seven.london,available,58,36%,5,Mathematics,,,
super.london,available,58,47%,5,Business,,,
pentad.london,available,58,2%,6,Mathematics,,,
niner.london,available,58,5%,5,Mathematics,,,
hexad.london,available,58,4%,5,Mathematics,,,
fifth.london,available,58,12%,5,Mathematics,,,
tetrad.london,available,58,5%,6,Mathematics,,,
xxiii.london,available,56,5%,5,Mathematics,,,
xlvi.london,available,56,3%,4,Mathematics,,,
xlviii.london,available,56,1%,6,Mathematics,,,
xxix.london,available,56,4%,4,Mathematics,,,
fortynine.london,available,56,3%,10,Mathematics,,,
xxxi.london,available,56,9%,4,Mathematics,,,
xxvii.london,available,56,3%,5,Mathematics,,,
ilx.london,available,56,5%,3,Mathematics,,,
thirtysix.london,available,56,5%,10,Mathematics,,,
fiftyone.london,available,56,7%,9,Mathematics,,,
xxxii.london,available,56,1%,5,Mathematics,,,
fortyone.london,available,56,4%,9,Mathematics,,,
lvii.london,available,56,1%,4,Mathematics,,,
fiftyfour.london,available,56,3%,10,Mathematics,,,
xxxiv.london,available,56,1%,5,Mathematics,,,
xxxiii.london,available,56,2%,6,Mathematics,,,
xli.london,available,56,5%,3,Mathematics,,,
xlii.london,available,56,5%,4,Mathematics,,,
xxviii.london,available,56,1%,6,Mathematics,,,
xliii.london,available,56,1%,5,Mathematics,,,
xxxvi.london,available,56,1%,5,Mathematics,,,
aone.london,available,56,15%,5,Food and Beverage,,,
thirtyone.london,available,56,5%,10,Mathematics,,,
xxxvii.london,available,56,2%,6,Mathematics,,,
lviii.london,available,56,1%,5,Mathematics,,,
fiftyfive.london,available,56,7%,10,Mathematics,,,
fiftysix.london,available,56,4%,9,Mathematics,,,
fiftytwo.london,available,56,6%,9,Mathematics,,,
fortysix.london,available,56,3%,9,Mathematics,,,
xlvii.london,available,56,2%,5,Mathematics,,,
xlv.london,available,56,6%,3,Mathematics,,,
xxxviii.london,available,56,1%,7,Mathematics,,,
lvi.london,available,56,8%,3,Mathematics,,,
halfdozen.london,available,56,1%,10,Mathematics,,,
liii.london,available,56,4%,4,Mathematics,,,
xxiv.london,available,56,5%,4,Mathematics,,,
thirtytwo.london,available,56,5%,10,Mathematics,,,
xxxv.london,available,56,4%,4,Mathematics,,,
lii.london,available,56,7%,3,Mathematics,,,
xliv.london,available,56,2%,4,Mathematics,,,
fortyfive.london,available,54,4%,10,Mathematics,,,
twoscore.london,available,54,2%,8,Mathematics,,,
quaternion.london,available,54,6%,10,Mathematics,,,
quaternity.london,available,54,4%,10,Mathematics,,,
viii.london,available,54,6%,4,Mathematics,,,
threescore.london,available,54,1%,10,Mathematics,,,
vii.london,available,54,13%,3,Mathematics,,,
topnotch.london,available,54,18%,8,Business,,,
quatern.london,available,54,2%,7,Mathematics,,,
deuceace.london,available,54,2%,9,Sports,,,
ixc.london,available,52,5%,3,Mathematics,,,
lxxv.london,available,52,1%,4,Mathematics,,,
lxxxii.london,available,52,1%,6,Mathematics,,,
xci.london,available,52,4%,3,Mathematics,,,
lxiii.london,available,52,2%,5,Mathematics,,,
sixtysix.london,available,52,4%,9,Mathematics,,,
ninetyone.london,available,52,5%,10,Mathematics,,,
lxxvi.london,available,52,1%,5,Mathematics,,,
sixtyfour.london,available,52,3%,10,Mathematics,,,
eightytwo.london,available,52,4%,10,Mathematics,,,
lxii.london,available,52,1%,4,Mathematics,,,
sixtytwo.london,available,52,3%,9,Mathematics,,,
lxxxi.london,available,52,1%,5,Mathematics,,,
lxxxiv.london,available,52,1%,6,Mathematics,,,
lxxxvii.london,available,52,1%,7,Mathematics,,,
lxiv.london,available,52,3%,4,Mathematics,,,
lxxxvi.london,available,52,1%,6,Mathematics,,,
sixtyfive.london,available,52,3%,10,Mathematics,,,
lxxxv.london,available,52,1%,5,Mathematics,,,
lxi.london,available,52,5%,3,Mathematics,,,
lxxi.london,available,52,1%,4,Mathematics,,,
ninetysix.london,available,52,4%,10,Mathematics,,,
ixl.london,available,52,9%,3,Mathematics,,,
xciii.london,available,52,1%,5,Mathematics,,,
ninetytwo.london,available,52,4%,10,Mathematics,,,
lxvii.london,available,52,1%,5,Mathematics,,,
eightyone.london,available,52,3%,10,Mathematics,,,
lxv.london,available,52,5%,3,Mathematics,,,
xciv.london,available,52,2%,4,Mathematics,,,
lxxxiii.london,available,52,1%,7,Mathematics,,,
lxxiii.london,available,52,1%,6,Mathematics,,,
lxvi.london,available,52,3%,4,Mathematics,,,
xcviii.london,available,52,1%,6,Mathematics,,,
xcii.london,available,52,2%,4,Mathematics,,,
lxviii.london,available,52,1%,6,Mathematics,,,
lxxvii.london,available,52,2%,6,Mathematics,,,
xcvii.london,available,52,1%,5,Mathematics,,,
lxxii.london,available,52,1%,5,Mathematics,,,
xcv.london,available,52,7%,3,Mathematics,,,
lxxiv.london,available,52,1%,5,Mathematics,,,
xcvi.london,available,52,2%,4,Mathematics,,,
triplet.london,available,50,8%,7,Science,,,
cinque.london,available,50,7%,6,Mathematics,,,
lxx.london,available,50,5%,3,Mathematics,,,
ogdoad.london,available,50,1%,6,Mathematics,,,
lxxxviii.london,available,48,1%,8,Mathematics,,,
quaternary.london,available,46,3%,10,Mathematics,,,